     shots,    errors,  discards, seconds,decoder,strong_id,json_metadata,custom_counts
  12616550,      2065,         0,  8858.0,pymatching,6f037ac561d8af1b961e0f1af5aab309a49178f2aefdf44ea767159d64aeed1a*3d05316465802cb67aa6657a69f0f06b69192854352125e493389b9c78bbe59a,"{""b"":""XZ"",""c"":""fractal_bacon_shor"",""d"":25,""g"":""all"",""noise"":""uniform"",""p"":0.001,""prob"":0.95,""q"":625,""r"":100,""scheme"":""R""}",
  12983737,      1564,         0, 15360.2,pymatching,09f4bcfaf25b3262c0fbe68913f21986c1571dd41cabc00c7d3bc6da292dae6e*aed72c03ac2705417ae2df829b116c876c2f28665607426641705b0263fa33c6,"{""b"":""XZ"",""c"":""fractal_bacon_shor"",""d"":25,""g"":""all"",""noise"":""uniform"",""p"":0.001,""prob"":0.9,""q"":625,""r"":100,""scheme"":""R""}",
   9345967,      1665,         0, 12280.9,pymatching,a5de1be7d6e28b6b94099d1318f8d5f4c2ba943a19967cdc9734dd8284fec977*86cb4e7e0b04419038419958e6bb53c0fd59392dc7fd92d9ae7d3ac4e20cf4aa,"{""b"":""XZ"",""c"":""fractal_bacon_shor"",""d"":25,""g"":""all"",""noise"":""uniform"",""p"":0.001,""prob"":0.8,""q"":625,""r"":100,""scheme"":""R""}",
  16469571,      1938,         0, 15890.1,pymatching,a63478dd44020e2bff1ca2ff325c8217ff079bc77d4efe1878fcae23e703e54d*1159def28f646fcd82cd7d19d342b54a122f356873d546f7d477e2af22a3a30f,"{""b"":""XZ"",""c"":""fractal_bacon_shor"",""d"":25,""g"":""all"",""noise"":""uniform"",""p"":0.001,""prob"":0.85,""q"":625,""r"":100,""scheme"":""R""}",
  10436663,      1712,         0, 10554.9,pymatching,2f7a6ae8e500973f86f11bb5a9d849212f91e8e5034f058796b1597454581d1b*909dcf89a602f3c9f879e9a8e2dbd33faddd53e140414b92b4a2bdd4e998f7f8,"{""b"":""XZ"",""c"":""fractal_bacon_shor"",""d"":26,""g"":""all"",""noise"":""uniform"",""p"":0.001,""prob"":0.95,""q"":676,""r"":104,""scheme"":""R""}",
  15313264,      1586,         0, 20290.6,pymatching,a464d882bd2cd3872bb76f26faca7fde8c5ff3ac77f5ea5ce62676733a59b355*1990924982d37085cb1d1a0376c285e4476efc2ca639035ada6ba7e8e1dc92f9,"{""b"":""XZ"",""c"":""fractal_bacon_shor"",""d"":26,""g"":""all"",""noise"":""uniform"",""p"":0.001,""prob"":0.9,""q"":676,""r"":104,""scheme"":""R""}",
  10453828,      1731,         0, 13569.3,pymatching,76950df96a09504a5e8641ab7140ff1f845f5bf1d8dbaf1a6fe7c47b831c70c0*ce10cb3f619272f8346350c1eef6c54ea05e4604828704adf0b6967885cd2c3f,"{""b"":""XZ"",""c"":""fractal_bacon_shor"",""d"":26,""g"":""all"",""noise"":""uniform"",""p"":0.001,""prob"":0.85,""q"":676,""r"":104,""scheme"":""R""}",
   5461762,      1519,         0, 11300.7,pymatching,6787ded85b7fc4d1aea46df5f3c011301a238646232bfc83295a4aa73a0a23e9*1655546fcbe799aa1c539a86df6245c192eee867aabfb7121bc1ab27722cbc00,"{""b"":""XZ"",""c"":""fractal_bacon_shor"",""d"":26,""g"":""all"",""noise"":""uniform"",""p"":0.001,""prob"":0.8,""q"":676,""r"":104,""scheme"":""R""}",
  11924836,      1948,         0, 11613.1,pymatching,80e70b8685295a579232d1c6d3322f3892cc0c1cc79975daa818a4c715d2440c*07e88abea711a776c7a43147ad238425bcd89c827efb4fde539b3186fafcb7c0,"{""b"":""XZ"",""c"":""fractal_bacon_shor"",""d"":27,""g"":""all"",""noise"":""uniform"",""p"":0.001,""prob"":0.95,""q"":729,""r"":108,""scheme"":""R""}",
  11073075,      1696,         0, 18662.1,pymatching,5822476c8c05cbc9a7bfcb90c160b213936811c928a32d7d417be90a9941ad6b*ddf294156490dabd03044d1650f99b1eb11e2d5bc7b9b5ec46bd142dc8acd143,"{""b"":""XZ"",""c"":""fractal_bacon_shor"",""d"":27,""g"":""all"",""noise"":""uniform"",""p"":0.001,""prob"":0.8,""q"":729,""r"":108,""scheme"":""R""}",
  16415212,      1728,         0, 24233.2,pymatching,eb96f5fc326df9002c1877917ebc1b4301db0d7e1eb40ece998a6e701bb2b814*fd04064374fbf2ce6bef6e6e9e77bb0a81c3caa914757ad7f48e39d87152c30f,"{""b"":""XZ"",""c"":""fractal_bacon_shor"",""d"":27,""g"":""all"",""noise"":""uniform"",""p"":0.001,""prob"":0.85,""q"":729,""r"":108,""scheme"":""R""}",
  23867452,      2025,         0, 25929.5,pymatching,01da52b85b0949ac65c28f6b4a691595126cf781b55b0f804d73eb6006ab39a6*a8bb490bc003cebb547f24c37b285bc4a2c986077f3a1c0cfd85e418f06f3d40,"{""b"":""XZ"",""c"":""fractal_bacon_shor"",""d"":27,""g"":""all"",""noise"":""uniform"",""p"":0.001,""prob"":0.9,""q"":729,""r"":108,""scheme"":""R""}",
  32567115,      1995,         0, 45357.1,pymatching,5283a0166bf548eb9d52365cc1403c666b572583bae7326eed8006844ff796ad*7eda97374eb3f57fdb27027759c5fa23e65bb0b232750752289fca9298220150,"{""b"":""XZ"",""c"":""fractal_bacon_shor"",""d"":28,""g"":""all"",""noise"":""uniform"",""p"":0.001,""prob"":0.85,""q"":784,""r"":112,""scheme"":""R""}",
   6771697,      1306,         0, 23172.6,pymatching,d37ca72eef38f3d3983c5f2e5448ac7e5010dff43314ba4c639b09207bd2bfbf*4db215248406e399e5a8e788229f9dc46c335a921f5bcda04b2e94e70be24549,"{""b"":""XZ"",""c"":""fractal_bacon_shor"",""d"":28,""g"":""all"",""noise"":""uniform"",""p"":0.001,""prob"":0.8,""q"":784,""r"":112,""scheme"":""R""}",
  11985778,      1865,         0, 14207.3,pymatching,72e7309dccd02782eb8e5af716dd698aec48ddaf2ade9023c2995f846b31176b*7dfb0c96d927b5a9cf5813e68e910269b2124d6e3ca0ff91a2ffdf4a2f8b067b,"{""b"":""XZ"",""c"":""fractal_bacon_shor"",""d"":28,""g"":""all"",""noise"":""uniform"",""p"":0.001,""prob"":0.95,""q"":784,""r"":112,""scheme"":""R""}",
  22511281,      1675,         0, 36155.0,pymatching,d0d53a729f9bd57ec69a12415b9eea5d02e7bd3f893353bc7104ac731195c0ab*ccc5ba37bb7ef046e310fba78285e66b5e36205fbb12e6b57978c456ecafeb28,"{""b"":""XZ"",""c"":""fractal_bacon_shor"",""d"":28,""g"":""all"",""noise"":""uniform"",""p"":0.001,""prob"":0.9,""q"":784,""r"":112,""scheme"":""R""}",
  24892481,      2018,         0, 40929.2,pymatching,ab43b7958db2418ae56a88a78128ad3f6534aa1fc5321e6e2fad9f319b42e1fc*b57a42e627ee6e8d1e73ff6785b5e5f97830abeedb80ca2f90f0fdd2623251a0,"{""b"":""XZ"",""c"":""fractal_bacon_shor"",""d"":29,""g"":""all"",""noise"":""uniform"",""p"":0.001,""prob"":0.85,""q"":841,""r"":116,""scheme"":""R""}",
  13088591,      1897,         0, 25006.0,pymatching,de922af37d29012794f4356436c7263ba5174c906d7815435f9cb00ff8c80189*ceed4003a6cb59b661663bb1cc97a1402deadbcffa527b437d097d3215af7a46,"{""b"":""XZ"",""c"":""fractal_bacon_shor"",""d"":29,""g"":""all"",""noise"":""uniform"",""p"":0.001,""prob"":0.8,""q"":841,""r"":116,""scheme"":""R""}",
  12652223,      1892,         0, 17124.1,pymatching,672f1ee020aec251afd0cead559841be22a87e16d8b6efeb7ed4a7313167c312*960f9719506ee78d578adb0b65ca9cc5993b9b261d065977fded43cb163b5332,"{""b"":""XZ"",""c"":""fractal_bacon_shor"",""d"":29,""g"":""all"",""noise"":""uniform"",""p"":0.001,""prob"":0.95,""q"":841,""r"":116,""scheme"":""R""}",
  23472032,      1971,         0, 34889.7,pymatching,8397df7bfa5faf9f6db2783825652177f832c4b8982a65e1b29fdd14f9386293*6df76c3c880252e9d7a9d007f4072b0bb0fbdfbb4c98cf1677abd0fc3f6511d5,"{""b"":""XZ"",""c"":""fractal_bacon_shor"",""d"":29,""g"":""all"",""noise"":""uniform"",""p"":0.001,""prob"":0.9,""q"":841,""r"":116,""scheme"":""R""}",
  18244395,      1774,         0, 39266.4,pymatching,90ebad9574847d6b83686a75699ad49a0a9270da2743fd4ace092577cddad124*9cbf5fdcf10dd7d2c905bdf35d986b41d0f77e74bd556c324dae829b80e5da7e,"{""b"":""XZ"",""c"":""fractal_bacon_shor"",""d"":30,""g"":""all"",""noise"":""uniform"",""p"":0.001,""prob"":0.85,""q"":900,""r"":120,""scheme"":""R""}",
  13580492,      1680,         0, 34662.4,pymatching,62bcdb0a424a5211c936140617885421dd64a911ffcc02991c725e8953d98d41*d431a8ff33eb1f6b02e982633526a04e39972791377d32f043be97fea781bd75,"{""b"":""XZ"",""c"":""fractal_bacon_shor"",""d"":30,""g"":""all"",""noise"":""uniform"",""p"":0.001,""prob"":0.8,""q"":900,""r"":120,""scheme"":""R""}",
  15575825,      1991,         0, 22917.2,pymatching,0696c968e9be85edf2e1ed981ef1656adbab9362ce77f8e6fde6a1c76de78424*e54635b0be50dba2a972db959282076bb7805b048b2759e4df78ff5cc1583893,"{""b"":""XZ"",""c"":""fractal_bacon_shor"",""d"":30,""g"":""all"",""noise"":""uniform"",""p"":0.001,""prob"":0.95,""q"":900,""r"":120,""scheme"":""R""}",
  22419227,      1954,         0, 38335.0,pymatching,ae61843647e341cf2350697cd9f193a4c592f1e07ccaac22a17f2d642ff922a0*0b90e6a128b813ce8484248f0386f36547afe2acfaecd93848d7769aa8902e4b,"{""b"":""XZ"",""c"":""fractal_bacon_shor"",""d"":30,""g"":""all"",""noise"":""uniform"",""p"":0.001,""prob"":0.9,""q"":900,""r"":120,""scheme"":""R""}",
  23063744,      1765,         0, 56730.7,pymatching,ae0748e3b2decf656bcdedfc9642ba2efe21a5885d41fb63137387c80cee41b5*fcdcb8e322e0d57d6894ac580b6f16f0fb6ab6a56b567503b61a91b3d98030da,"{""b"":""XZ"",""c"":""fractal_bacon_shor"",""d"":31,""g"":""all"",""noise"":""uniform"",""p"":0.001,""prob"":0.85,""q"":961,""r"":124,""scheme"":""R""}",
   9763390,      1673,         0, 29190.5,pymatching,9ba5d0f858190ef7fdcfda0cf4e62e38650057b981d862e37bc1d10504e25c56*171f6ba141196459fc6a58979ead9a19efaa1efb8eb84a0761ee30d26c1ae1b1,"{""b"":""XZ"",""c"":""fractal_bacon_shor"",""d"":31,""g"":""all"",""noise"":""uniform"",""p"":0.001,""prob"":0.8,""q"":961,""r"":124,""scheme"":""R""}",
  13952576,      1901,         0, 24300.8,pymatching,7763669230261edd448b5ee28fd101b5c23fa84f2ad8f9d386d89348aa609bee*4e51b635b9690829830e1f90de9df8e24659e3727b0854f9653ade8d2a186292,"{""b"":""XZ"",""c"":""fractal_bacon_shor"",""d"":31,""g"":""all"",""noise"":""uniform"",""p"":0.001,""prob"":0.95,""q"":961,""r"":124,""scheme"":""R""}",
  32728763,      1968,         0, 62028.0,pymatching,8e5d8d4ae7e8492f0f0371626028ba8989fef94b2de815d64db9a52444405b0e*520eba6326ab62f6438d87d41a1f0e67c298d7584db5a333edf41ae6514b8726,"{""b"":""XZ"",""c"":""fractal_bacon_shor"",""d"":31,""g"":""all"",""noise"":""uniform"",""p"":0.001,""prob"":0.9,""q"":961,""r"":124,""scheme"":""R""}",
  22149063,      1546,         0, 75830.8,pymatching,2c0cc66f18d49dbcda97201ca26d4f759dd59b11efd62b70e3fc6ad75ed6d6a0*dd6bf4c2004d74156e60ecf4fe4fe3dc706389b364bf9c3a5abcaa23c35294d7,"{""b"":""XZ"",""c"":""fractal_bacon_shor"",""d"":32,""g"":""all"",""noise"":""uniform"",""p"":0.001,""prob"":0.85,""q"":1024,""r"":128,""scheme"":""R""}",
   8506138,      1599,         0, 32603.5,pymatching,95a53c7233a5eb8e2f98d321b587f43fbbc49052b39886069eee683a9762359e*1b37e43fc0bdaff76e663961a8a0ea487e3f1b6cc1f79aee144466f32a46f40b,"{""b"":""XZ"",""c"":""fractal_bacon_shor"",""d"":32,""g"":""all"",""noise"":""uniform"",""p"":0.001,""prob"":0.8,""q"":1024,""r"":128,""scheme"":""R""}",
  13913618,      1717,         0, 30797.2,pymatching,43694ae3cfdccf1051d607d2d1ddb86b077f2fb88a08c3dc2c4e12bbe4390752*1e7eb9b4216cb2289c3c7dab9bda90dab79be8cc28edd2ce49ca7558dfbbd9dc,"{""b"":""XZ"",""c"":""fractal_bacon_shor"",""d"":32,""g"":""all"",""noise"":""uniform"",""p"":0.001,""prob"":0.95,""q"":1024,""r"":128,""scheme"":""R""}",
     13542,      1862,         0,   0.040,pymatching,9103fa76bb02cdbacfa7ac35a49823707fcba2cd3a8f87fdbb00fb06f6290b8e*9070481e5b986c4312508f783710d2e1b3b054b3d01aa33f9bc71c7e4703b6f1,"{""b"":""XZ"",""c"":""fractal_bacon_shor"",""d"":3,""g"":""all"",""noise"":""uniform"",""p"":0.001,""prob"":0.85,""q"":9,""r"":12,""scheme"":""R""}",
     11640,      1603,         0,   0.043,pymatching,faf5e9641bf2b3015cff9e012f85c1b5da9991f91083aeb911f4c2f5ee57da70*799006ac661e715eb5e70c60e9700dbc1920f8ef3fb7b02203a4fb2b40d49739,"{""b"":""XZ"",""c"":""fractal_bacon_shor"",""d"":3,""g"":""all"",""noise"":""uniform"",""p"":0.001,""prob"":0.8,""q"":9,""r"":12,""scheme"":""R""}",
     15130,      1968,         0,   0.037,pymatching,292e790aea246340448da6d8e2633414261487e716ea0849ee2e1445c737d0e0*72a65a6d85dbca9aee987636d8b97306a5718a1fc7cb32a7634720eaf088b4dc,"{""b"":""XZ"",""c"":""fractal_bacon_shor"",""d"":3,""g"":""all"",""noise"":""uniform"",""p"":0.001,""prob"":0.95,""q"":9,""r"":12,""scheme"":""R""}",
     13452,      1837,         0,   0.036,pymatching,65266bed2e695deaacb4a2b27d30e1f87b0b272da939406e77274610310dacbb*901681090601b71ac9e0df97cf96daad26b288d49b96e08df8332166f6564377,"{""b"":""XZ"",""c"":""fractal_bacon_shor"",""d"":3,""g"":""all"",""noise"":""uniform"",""p"":0.001,""prob"":0.9,""q"":9,""r"":12,""scheme"":""R""}",
  21680092,      1702,         0, 56726.8,pymatching,6e68a0881fc89d36f28e7e09b89e625855f438d4be27ff15d21ffe21b2352723*fdbb1f6f16bc0f6a181f7a99e467de39297c27cc3e5a147825555f842cbfc4a1,"{""b"":""XZ"",""c"":""fractal_bacon_shor"",""d"":32,""g"":""all"",""noise"":""uniform"",""p"":0.001,""prob"":0.9,""q"":1024,""r"":128,""scheme"":""R""}",
  24195708,      1614,         0, 91409.9,pymatching,b0fb30bd5fe3c0a41fd906f23ca15cc7e153e13ec45013ec6a17ba0b483922fd*3851d8a63f8561751e7316a7f7e75abe2be997b1e2c40aca929b3f0ffaa655f5,"{""b"":""XZ"",""c"":""fractal_bacon_shor"",""d"":33,""g"":""all"",""noise"":""uniform"",""p"":0.001,""prob"":0.85,""q"":1089,""r"":132,""scheme"":""R""}",
  12181997,      1792,         0, 45680.1,pymatching,b3f977b900bb1d15d5533373ea5b3b570cf9311586356454ecc2689198e6ee0c*7ba2bade034e0815a5348e95360b13037d77d3d8d913bdb95b3ffe9537dcecae,"{""b"":""XZ"",""c"":""fractal_bacon_shor"",""d"":33,""g"":""all"",""noise"":""uniform"",""p"":0.001,""prob"":0.8,""q"":1089,""r"":132,""scheme"":""R""}",
  12907879,      1656,         0, 35585.1,pymatching,56d28f17612e92851fd86de3d3944133ff35ff0951e16a2501376d4668420a46*631b555a69c037baa2f29e236015c46e4b2609c5bd428d88a5b1af5a2b2f4a57,"{""b"":""XZ"",""c"":""fractal_bacon_shor"",""d"":33,""g"":""all"",""noise"":""uniform"",""p"":0.001,""prob"":0.95,""q"":1089,""r"":132,""scheme"":""R""}",
  21536306,      1741,         0, 62209.3,pymatching,96b61657e0bcd9b137683b83a1a86cabb1c2ecc6b8d798b312d34195bd74a797*f081ea5e7179ff0a38a8b8803ae42ed12d9cbfb177ebbf2e71202efe6981d67b,"{""b"":""XZ"",""c"":""fractal_bacon_shor"",""d"":33,""g"":""all"",""noise"":""uniform"",""p"":0.001,""prob"":0.9,""q"":1089,""r"":132,""scheme"":""R""}",
  21179295,      1681,         0, 87000.0,pymatching,0a380e5e57bb8ca43425edba13b1593e6755b48c6817dc665fde4feef06856a5*febdb55c046db35d528f5be3fb4defbc6fc6fdffc08756a9f9c8f43968867587,"{""b"":""XZ"",""c"":""fractal_bacon_shor"",""d"":34,""g"":""all"",""noise"":""uniform"",""p"":0.001,""prob"":0.85,""q"":1156,""r"":136,""scheme"":""R""}",
   9599533,      1344,         0, 73960.3,pymatching,66dd83bbdf5f03e33e97e68e94bb5bb2ed23dcdfaf5446d1d8aa97533ebabae9*bc30b857c9a241b4fbb63fd8ac7a71d199ad9bc0c181c0bcade4a79925f5d52d,"{""b"":""XZ"",""c"":""fractal_bacon_shor"",""d"":34,""g"":""all"",""noise"":""uniform"",""p"":0.001,""prob"":0.8,""q"":1156,""r"":136,""scheme"":""R""}",
  14463003,      1833,         0, 37978.0,pymatching,94b07c7a6865b38aaa0a2c45884af9d10971fa3b07159cdfa3b25f60ef0c6d48*41fab16f09a7a0ea0f994ebcb5f96474c18b31a08c1c15165d1fd0687c2cd88b,"{""b"":""XZ"",""c"":""fractal_bacon_shor"",""d"":34,""g"":""all"",""noise"":""uniform"",""p"":0.001,""prob"":0.95,""q"":1156,""r"":136,""scheme"":""R""}",
  22156772,      1707,         0, 77946.7,pymatching,f6aa2a227e34798dbc6810a86ceaa769569d0215bf2d7125c7f27436f745d4d8*416afcb06c9a5b94ae23ab22d6715063261100867474ada5ae11cc8f16d7055b,"{""b"":""XZ"",""c"":""fractal_bacon_shor"",""d"":34,""g"":""all"",""noise"":""uniform"",""p"":0.001,""prob"":0.9,""q"":1156,""r"":136,""scheme"":""R""}",
  20230476,      1438,         0,129851.7,pymatching,dff6b0cd923cc74bd18c73bac962c5e7410e7c1c8380f7d1172d62cdbe8c8022*51006fecd476bdfbef6eecf4f83f76502472664cae2753081b9ad1d6865d4937,"{""b"":""XZ"",""c"":""fractal_bacon_shor"",""d"":35,""g"":""all"",""noise"":""uniform"",""p"":0.001,""prob"":0.85,""q"":1225,""r"":140,""scheme"":""R""}",
  12275160,      1862,         0, 58223.8,pymatching,be9585dfca3140997486d135e0945fb8e7667309726e5df6cf7a9bae5634937b*2a7fad1c6803c9fe27b5d9bad9e970032f01779640aa99b04d6327ad6f7d3779,"{""b"":""XZ"",""c"":""fractal_bacon_shor"",""d"":35,""g"":""all"",""noise"":""uniform"",""p"":0.001,""prob"":0.8,""q"":1225,""r"":140,""scheme"":""R""}",
  13344810,      1769,         0, 41217.5,pymatching,68cb275b8505886457d204a136319d606f1600b23186a41e03de7074c3bf46d1*41fd62613ac1f7db8dee6476fb354bdeae282e8fbaca708f3d654c8d2fef6162,"{""b"":""XZ"",""c"":""fractal_bacon_shor"",""d"":35,""g"":""all"",""noise"":""uniform"",""p"":0.001,""prob"":0.95,""q"":1225,""r"":140,""scheme"":""R""}",
  24578565,      1480,         0,121779.6,pymatching,7811b23986a0936f62922b94ab56b3885a071bfb19a152cc218c09e0eed7e00d*60ef43a06f13dee3c88a2688e470d3820a3d246e92d033558ce4268c1f40aa83,"{""b"":""XZ"",""c"":""fractal_bacon_shor"",""d"":35,""g"":""all"",""noise"":""uniform"",""p"":0.001,""prob"":0.9,""q"":1225,""r"":140,""scheme"":""R""}",
  35136543,      1790,         0,167623.9,pymatching,f42a72aed3f9fde48a1ded2bf93e967b33f4e047704a661c9cadb5c793a49524*80945cc87c0b42967eecb6bcf6f584bcd247b77b6f300b544138f8c61b93649c,"{""b"":""XZ"",""c"":""fractal_bacon_shor"",""d"":36,""g"":""all"",""noise"":""uniform"",""p"":0.001,""prob"":0.85,""q"":1296,""r"":144,""scheme"":""R""}",
  14730134,      1689,         0, 90788.0,pymatching,e30a1d1680f571e0ddc28c7c663ab8a6b2ca698c19e7c6788689d7cd402ceb9a*f343cb20b61421f23e62af2023658cdda172d2673c671781281ceccbcf52e3b8,"{""b"":""XZ"",""c"":""fractal_bacon_shor"",""d"":36,""g"":""all"",""noise"":""uniform"",""p"":0.001,""prob"":0.8,""q"":1296,""r"":144,""scheme"":""R""}",
  16485952,      1826,         0, 55942.7,pymatching,5a30aec8d208b84c2df5240d539883aae2dc5d8367706e216af901886d812219*acb0ac8d57cfd40cccfcf169cc33597844509eed8ba908ce0ffb351503d95986,"{""b"":""XZ"",""c"":""fractal_bacon_shor"",""d"":36,""g"":""all"",""noise"":""uniform"",""p"":0.001,""prob"":0.95,""q"":1296,""r"":144,""scheme"":""R""}",
  47116313,      1974,         0,172675.1,pymatching,8a742dbcd7134c6812f4d92468b2602374c0e1af8194a829da7c6617200225cb*0f50c75b6a9063d04eefcc29a4182b905dc136fba1a34afae191062a0f438647,"{""b"":""XZ"",""c"":""fractal_bacon_shor"",""d"":36,""g"":""all"",""noise"":""uniform"",""p"":0.001,""prob"":0.9,""q"":1296,""r"":144,""scheme"":""R""}",
  39006787,      1746,         0,222074.7,pymatching,a977b8697dedd3af02e1eff0404eae27bb749674665d02441b2594cd13796967*2c6fce5a86cb62c524131f84150d11d2fdf54df320fccaf61f711af234626a34,"{""b"":""XZ"",""c"":""fractal_bacon_shor"",""d"":37,""g"":""all"",""noise"":""uniform"",""p"":0.001,""prob"":0.85,""q"":1369,""r"":148,""scheme"":""R""}",
  13299236,      1512,         0,113733.5,pymatching,4334852a25f2b7aa602af6a3f0d1943fa6d55e518798bbd67be66ce669d86ab0*f8ff16ecaf7d2f822adb5a712ab93137817a68f4aed2d68883c8968421f785c2,"{""b"":""XZ"",""c"":""fractal_bacon_shor"",""d"":37,""g"":""all"",""noise"":""uniform"",""p"":0.001,""prob"":0.8,""q"":1369,""r"":148,""scheme"":""R""}",
   9050377,      1493,         0, 48273.1,pymatching,739bfd43a9c89b862f5de52d97e0971de04ad761c4df893f91c7fbd19c5deacf*41d141946614e747a29af205ada0358bbb2c87984b41b94b23e023736048bceb,"{""b"":""XZ"",""c"":""fractal_bacon_shor"",""d"":37,""g"":""all"",""noise"":""uniform"",""p"":0.001,""prob"":0.95,""q"":1369,""r"":148,""scheme"":""R""}",
  28020996,      1592,         0,153326.0,pymatching,22e682aaa4855514c76d7b3bb85cba70c850443b5477da9a106a6f976cf92ea7*532f058fe2978bb4f4395a1a5a27dba79c25dbdb0811f3562ad327bc593ca7bd,"{""b"":""XZ"",""c"":""fractal_bacon_shor"",""d"":37,""g"":""all"",""noise"":""uniform"",""p"":0.001,""prob"":0.9,""q"":1369,""r"":148,""scheme"":""R""}",
  24046470,      1488,         0,205271.6,pymatching,2dea601666119f0465c2c821bec65f095d7156ea9a1a69c250e42492ff4b22d0*2b71050917ffe67c391dde13d74f1ee706217cdff4019e5fb6eae45f58a4b979,"{""b"":""XZ"",""c"":""fractal_bacon_shor"",""d"":38,""g"":""all"",""noise"":""uniform"",""p"":0.001,""prob"":0.85,""q"":1444,""r"":152,""scheme"":""R""}",
  14781871,      1802,         0,106450.2,pymatching,3f3f1a3059df77e47f72e375e57344edf920ca23ca7a238c2ad3a7f46cc75cd1*3b5a043ca90f62223697cd709c18012e0d47d1a23e99fdb4e73f94f7e4569992,"{""b"":""XZ"",""c"":""fractal_bacon_shor"",""d"":38,""g"":""all"",""noise"":""uniform"",""p"":0.001,""prob"":0.8,""q"":1444,""r"":152,""scheme"":""R""}",
  12798911,      1764,         0, 60230.9,pymatching,65d4751b3236d86305e842af7eb6844719538188f7c6c414dc937186c3a248ec*1b2eb68f23536fe1c6a660f1d612e7fb74835d67d2b42e3c66605e0d60169031,"{""b"":""XZ"",""c"":""fractal_bacon_shor"",""d"":38,""g"":""all"",""noise"":""uniform"",""p"":0.001,""prob"":0.95,""q"":1444,""r"":152,""scheme"":""R""}",
  46602901,      1934,         0,240300.7,pymatching,020a4ca6e6d600583a82d5af4ceb0c0b3b2e98ecfc1de1fef35aff2c33ddf043*854fb5822fdca00cba7d401eca3706bd5a4b24bc97db97e60bd6ef082b3b6dd7,"{""b"":""XZ"",""c"":""fractal_bacon_shor"",""d"":38,""g"":""all"",""noise"":""uniform"",""p"":0.001,""prob"":0.9,""q"":1444,""r"":152,""scheme"":""R""}",
  41912175,      1849,         0,288907.4,pymatching,1f8ca45c43f3dc45a49c3b78b77fb63f7c3958716a7734616eb06e52d1e0ccd6*32d7077eeba3e4222c0e34dfd8b45c122b90d8b0bc4f667b43738d0d612a2421,"{""b"":""XZ"",""c"":""fractal_bacon_shor"",""d"":39,""g"":""all"",""noise"":""uniform"",""p"":0.001,""prob"":0.85,""q"":1521,""r"":156,""scheme"":""R""}",
  23379061,      1721,         0,194420.7,pymatching,25408e1ae0db8efb31818fff271a47f2286bb07b413f9ac53f188777c4c4dd9c*a0e0bdfe891cc8c6b45a17c7fcc765f56b170ae49e6e88cd25e2326472da691c,"{""b"":""XZ"",""c"":""fractal_bacon_shor"",""d"":39,""g"":""all"",""noise"":""uniform"",""p"":0.001,""prob"":0.8,""q"":1521,""r"":156,""scheme"":""R""}",
  17905185,      1727,         0, 89485.7,pymatching,309abfba73ab4a0239752547b237f4c0cb3cffe5bcbeb0a4ec7c5d89e4113e6a*d21d87b4b68cf02f29fe1d30cff5d9bc61c64b722bd05e6cc67995b6f9fadeb4,"{""b"":""XZ"",""c"":""fractal_bacon_shor"",""d"":39,""g"":""all"",""noise"":""uniform"",""p"":0.001,""prob"":0.95,""q"":1521,""r"":156,""scheme"":""R""}",
  39435206,      1603,         0,265086.8,pymatching,b751f2a5be55e886fdc8032165508c09eaa6b387fd229aaf57084778b0000302*924e1bda312a034365c70cf4b1c841c85df4957532b82e482e0b549080c195cf,"{""b"":""XZ"",""c"":""fractal_bacon_shor"",""d"":39,""g"":""all"",""noise"":""uniform"",""p"":0.001,""prob"":0.9,""q"":1521,""r"":156,""scheme"":""R""}",
  34634963,      1928,         0,247142.2,pymatching,899b2722302f46cb4d5546fd17b40178d54233f89721be2915d0d82f6ab6e6a1*bac1844679d57f816de28a7c0b569c36886967dcef552dfe050e227f19507c8a,"{""b"":""XZ"",""c"":""fractal_bacon_shor"",""d"":40,""g"":""all"",""noise"":""uniform"",""p"":0.001,""prob"":0.85,""q"":1600,""r"":160,""scheme"":""R""}",
  16455447,      1845,         0,143596.8,pymatching,6738fd1bf0d5e18640b2f56c4b21611f044aa4077797b531287e43fe8464fb19*efb13d311ae856f730022fb290ca21f44b7299c4d8a123c0483cfd7f6ca6591d,"{""b"":""XZ"",""c"":""fractal_bacon_shor"",""d"":40,""g"":""all"",""noise"":""uniform"",""p"":0.001,""prob"":0.8,""q"":1600,""r"":160,""scheme"":""R""}",
  13750206,      1958,         0, 64964.0,pymatching,fa9c71a1c038ad4421f3ff3622c315ea023b51733a39273e9452f45208f17d60*a447db4b81846fdd80c2eb2c9ce89df8991de0d2d3845b07ab5d22db7883bdbd,"{""b"":""XZ"",""c"":""fractal_bacon_shor"",""d"":40,""g"":""all"",""noise"":""uniform"",""p"":0.001,""prob"":0.95,""q"":1600,""r"":160,""scheme"":""R""}",
  33356379,      1616,         0,254142.3,pymatching,3b80a783144bad1cad01fa302cc30b4f602300c7d899c25862580530139aa9a9*5e9bd06d2462ed619457487398232d5f22b3d6276cfcf539f331f86ae3233e95,"{""b"":""XZ"",""c"":""fractal_bacon_shor"",""d"":40,""g"":""all"",""noise"":""uniform"",""p"":0.001,""prob"":0.9,""q"":1600,""r"":160,""scheme"":""R""}",
  43954824,      1633,         0,437709.3,pymatching,661f2b7dc28179a004b3f87f0f01e967e30d79047a937fb074addc0c214025af*bf6a7bb70c27e7f1d1e874f3bd2fbfa8d2f294c063d559e6f2ca10d9bec67898,"{""b"":""XZ"",""c"":""fractal_bacon_shor"",""d"":41,""g"":""all"",""noise"":""uniform"",""p"":0.001,""prob"":0.85,""q"":1681,""r"":164,""scheme"":""R""}",
  21144158,      1893,         0,204077.3,pymatching,f3b283f7f1b9c678771efb4f5ff6b9251cabc608d95890b3797badcb99d23ff8*3f5e96523b2e378c9d5caede16686a82a7cc8adeb66e938eedf530c17c3055af,"{""b"":""XZ"",""c"":""fractal_bacon_shor"",""d"":41,""g"":""all"",""noise"":""uniform"",""p"":0.001,""prob"":0.8,""q"":1681,""r"":164,""scheme"":""R""}",
  14049242,      1960,         0, 75913.9,pymatching,bce3eb0cd3ba5b5e500f199b64ba41051cd953c9783ce219be049f93563297d2*ab1ae650a581dc2eca3b0903de397fca9bcfe492c9e8ffde38fab65da7da9269,"{""b"":""XZ"",""c"":""fractal_bacon_shor"",""d"":41,""g"":""all"",""noise"":""uniform"",""p"":0.001,""prob"":0.95,""q"":1681,""r"":164,""scheme"":""R""}",
  24975634,      1843,         0,173441.3,pymatching,2b228913e8ac643ad7ec19e9cefcfe60fd2026a506e3e6b66753d08521fe85cb*1050656a14c62f0e595c5c3fb366aa6dc6aeb4fe917995248f66d88cbff0b26a,"{""b"":""XZ"",""c"":""fractal_bacon_shor"",""d"":41,""g"":""all"",""noise"":""uniform"",""p"":0.001,""prob"":0.9,""q"":1681,""r"":164,""scheme"":""R""}",
  38160389,      1963,         0,336341.9,pymatching,b720ed820a1c80edaa1e56d3f9c5e3c880cd14ff4f82e0e070da6ed694151e1d*2b91695f23e0e9c1bff5e19282d151ea2b3337c216d260faf931eb4501d1eb6e,"{""b"":""XZ"",""c"":""fractal_bacon_shor"",""d"":42,""g"":""all"",""noise"":""uniform"",""p"":0.001,""prob"":0.85,""q"":1764,""r"":168,""scheme"":""R""}",
  25814922,      1766,         0,301623.8,pymatching,e24ffe6a8a8f73fa12a966ae1cdbc845505ecbda1f3f73ccb3a5978161208e99*0316204c7bd7b13efe074744a5f21d48e95798f069e426c27678f5311da6594b,"{""b"":""XZ"",""c"":""fractal_bacon_shor"",""d"":42,""g"":""all"",""noise"":""uniform"",""p"":0.001,""prob"":0.8,""q"":1764,""r"":168,""scheme"":""R""}",
  12155283,      1989,         0, 71683.4,pymatching,0fe38ac7452c67bb5abb4db981e9b39627528717d0b49e508964b963de2522ff*3cb87063aa8377afcaa3a86092bc97e801cfa4ef0559f0b4cfcb14156b34c573,"{""b"":""XZ"",""c"":""fractal_bacon_shor"",""d"":42,""g"":""all"",""noise"":""uniform"",""p"":0.001,""prob"":0.95,""q"":1764,""r"":168,""scheme"":""R""}",
  27592588,      1756,         0,232349.9,pymatching,f52e7ec1a2ee7c1d5635c5aaf3fa86aba98c243bb00c3625f16bc1148ae35e60*6550bd1b1371b6c4cbf8c87d963094cdacb977cffeb070d0a1e1b37b1680168e,"{""b"":""XZ"",""c"":""fractal_bacon_shor"",""d"":42,""g"":""all"",""noise"":""uniform"",""p"":0.001,""prob"":0.9,""q"":1764,""r"":168,""scheme"":""R""}",
     34801,      1887,         0,   0.132,pymatching,6ae901f17b359282856e13fc9a4f8c6140113607ac9e48bbf17c5795e70082ab*83f82b0c057d36ef362e933294a04ae8d59592d0266210f0142a68fc2cec1e7a,"{""b"":""XZ"",""c"":""fractal_bacon_shor"",""d"":4,""g"":""all"",""noise"":""uniform"",""p"":0.001,""prob"":0.85,""q"":16,""r"":16,""scheme"":""R""}",
     45062,      1959,         0,   0.152,pymatching,df9c4793337a12affe219d98e8f242be88b9f73f0c6ef66f6fac1a9faa37545f*088e384fbd662ae734e00e7f4af05273b942e50b35422dcc3d4dce7037060d18,"{""b"":""XZ"",""c"":""fractal_bacon_shor"",""d"":4,""g"":""all"",""noise"":""uniform"",""p"":0.001,""prob"":0.8,""q"":16,""r"":16,""scheme"":""R""}",
     27022,      1896,         0,   0.104,pymatching,97407b8315dbde1b849b4644576880f33fc447879d9f8dfe26c6c0ba350540df*3323a6f74c56a194cd5f5c61e8fca422977d989f20ba8b3837ffb111f034a21f,"{""b"":""XZ"",""c"":""fractal_bacon_shor"",""d"":4,""g"":""all"",""noise"":""uniform"",""p"":0.001,""prob"":0.95,""q"":16,""r"":16,""scheme"":""R""}",
     32804,      1987,         0,   0.118,pymatching,f935d7b0fdcdaa0806afe32f56604a1165358616ed7d140971cb58a36be29757*ae81dc4247ab323e6d17d33cedb576b51157dcef73a4773ae38995262e8b3417,"{""b"":""XZ"",""c"":""fractal_bacon_shor"",""d"":4,""g"":""all"",""noise"":""uniform"",""p"":0.001,""prob"":0.9,""q"":16,""r"":16,""scheme"":""R""}",
  29087136,      1732,         0,332475.9,pymatching,27ac3058224b0f4e9dde9d72cf8f7e85a5b0bc4dd3d3eebfa29f2e438ea33125*2d121cac87cb6b933fbcad81f3206937822017d38784f9351975ba59e96967c5,"{""b"":""XZ"",""c"":""fractal_bacon_shor"",""d"":43,""g"":""all"",""noise"":""uniform"",""p"":0.001,""prob"":0.85,""q"":1849,""r"":172,""scheme"":""R""}",
  10550740,      1413,         0,207590.6,pymatching,fd147ad81d591280d14450054882f8038a199babcf30fda779f305b689ffe6a4*14bf818ccc3eedad3471889a3aedc523f812a8edba43c5ed512bfe3a5d15f594,"{""b"":""XZ"",""c"":""fractal_bacon_shor"",""d"":43,""g"":""all"",""noise"":""uniform"",""p"":0.001,""prob"":0.8,""q"":1849,""r"":172,""scheme"":""R""}",
  10580823,      1563,         0, 98010.5,pymatching,b29b90bb4741cb97c63c260190d4e9fad3d923c3f9e3112a302b1947b7bfb03d*47bef5f6e6c8a93574b2bbfe67388109247b1ae2c3560dfc747653044917ad78,"{""b"":""XZ"",""c"":""fractal_bacon_shor"",""d"":43,""g"":""all"",""noise"":""uniform"",""p"":0.001,""prob"":0.95,""q"":1849,""r"":172,""scheme"":""R""}",
    143653,      1981,         0,   0.777,pymatching,9708caf00efa32be8b9bb574545fcb52df769ac3da99f2342dea19f8dc0189b5*2bca1cc39a4f5a20c5950d7dfc70c4b82fbc18a45f413ad820c55231887f6f01,"{""b"":""XZ"",""c"":""fractal_bacon_shor"",""d"":5,""g"":""all"",""noise"":""uniform"",""p"":0.001,""prob"":0.85,""q"":25,""r"":20,""scheme"":""R""}",
  50005933,      1889,         0,419089.6,pymatching,8755ee81f2c104b9064313ec194f269aeb300d796e114dcec2cff49ee67214e4*fda40469fead1a19d48f40692869ac72a2f19000787b76e67d38ac769f866377,"{""b"":""XZ"",""c"":""fractal_bacon_shor"",""d"":43,""g"":""all"",""noise"":""uniform"",""p"":0.001,""prob"":0.9,""q"":1849,""r"":172,""scheme"":""R""}",
    163142,      1998,         0,    1.09,pymatching,b40b52b36a902e4161b4206e571be8ed73f6e10b3b39338521eb1d5398f5f706*f55f98cdda4bc3d350cfe5dd61b4cc4fe398af4b0fad180c9c379e1f95ec2962,"{""b"":""XZ"",""c"":""fractal_bacon_shor"",""d"":5,""g"":""all"",""noise"":""uniform"",""p"":0.001,""prob"":0.8,""q"":25,""r"":20,""scheme"":""R""}",
    149549,      2009,         0,   0.958,pymatching,91aed083ef66fa2b3c7ead7702c00e003170f490d300307371576d60f4224bd4*9c478314cf234870f51980fcd0f07540b8c8ef4219aa320dc1e200d7132fd261,"{""b"":""XZ"",""c"":""fractal_bacon_shor"",""d"":5,""g"":""all"",""noise"":""uniform"",""p"":0.001,""prob"":0.95,""q"":25,""r"":20,""scheme"":""R""}",
    155269,      1978,         0,   0.910,pymatching,a2baf443d291247b29570ae8de16b29476102ad90b1012c27f098ecd7ac93d68*f0fb4f62cbb20a6843807fab0b0f317d03f700a071edb112982c57bb647d77df,"{""b"":""XZ"",""c"":""fractal_bacon_shor"",""d"":5,""g"":""all"",""noise"":""uniform"",""p"":0.001,""prob"":0.9,""q"":25,""r"":20,""scheme"":""R""}",
    150604,      1922,         0,    1.79,pymatching,065d3ba0826293a7913a67f6bba2aa1cc5f44b9c72d45ab4bec64b5bb2da5399*38e620f793fbf3bbb990d30eeebb0d1c90a9e7d5f034b5849015da8055ced45b,"{""b"":""XZ"",""c"":""fractal_bacon_shor"",""d"":6,""g"":""all"",""noise"":""uniform"",""p"":0.001,""prob"":0.85,""q"":36,""r"":24,""scheme"":""R""}",
    159517,      2038,         0,    1.75,pymatching,2944723bed7921129b7f9fab68f132f8319c3afd22c9992e34af21b7ca774976*aca3e448af189ccf4500491087e77b5c6ea95c0af3cdde123d4c580c8d006ec7,"{""b"":""XZ"",""c"":""fractal_bacon_shor"",""d"":6,""g"":""all"",""noise"":""uniform"",""p"":0.001,""prob"":0.8,""q"":36,""r"":24,""scheme"":""R""}",
    151577,      2014,         0,    1.68,pymatching,1b4e4b8d3b481b24a89266ba9c0c7ecbc8aae0809fe3ec2cf29954ac9772af97*3819f5fe497fe34c9a8e1cf52ad98312a0e443caf78b4d12e0968ad11f296aa3,"{""b"":""XZ"",""c"":""fractal_bacon_shor"",""d"":6,""g"":""all"",""noise"":""uniform"",""p"":0.001,""prob"":0.95,""q"":36,""r"":24,""scheme"":""R""}",
    167860,      2017,         0,    1.90,pymatching,67accd2a2d8fe6f9b4aa2158da37708954286d2c9a18bb57e9858ceaa4fc1682*ff2e59809ddf87ac2f8da11a1269dd6e1256af849016d89b922e2bb3b395705b,"{""b"":""XZ"",""c"":""fractal_bacon_shor"",""d"":6,""g"":""all"",""noise"":""uniform"",""p"":0.001,""prob"":0.9,""q"":36,""r"":24,""scheme"":""R""}",
    285076,      1993,         0,    4.49,pymatching,09b361fd02ffe05f651d1a9f8dd9c152e143242c182b5cfb759ffd6c18601116*68e1ab8425dfaef4d9e20b7b1f4b3c12273387cfedabc72118f98c1956fdb103,"{""b"":""XZ"",""c"":""fractal_bacon_shor"",""d"":7,""g"":""all"",""noise"":""uniform"",""p"":0.001,""prob"":0.85,""q"":49,""r"":28,""scheme"":""R""}",
    238214,      1868,         0,    4.13,pymatching,06d78447965ececdf5706e5e01af855dddfcf8544487e6fd4d56c4f02539e800*22dffab0f2f83979a3336e46a208bd9cdc34fd40b1fa5f6a255e963c0b30016d,"{""b"":""XZ"",""c"":""fractal_bacon_shor"",""d"":7,""g"":""all"",""noise"":""uniform"",""p"":0.001,""prob"":0.8,""q"":49,""r"":28,""scheme"":""R""}",
    290752,      1949,         0,    4.37,pymatching,0152d135222b3a638c390ae3e6ab596a1f26cdb1c5564c46943ad3daa0949511*afa604e25dc3102f57c4c0c6b7d785c7785d3425c5450dc8f15e9d3c3714cdd9,"{""b"":""XZ"",""c"":""fractal_bacon_shor"",""d"":7,""g"":""all"",""noise"":""uniform"",""p"":0.001,""prob"":0.95,""q"":49,""r"":28,""scheme"":""R""}",
    297233,      1969,         0,    4.56,pymatching,322e50cdb6c427b77399121dcfe03566bf4e12ed80f5a8fcff98cd5b0ec37ff2*86ba1894c0482d955e4b60dda9435afbe0d1fd5c7b35f47a72bfeca815c93089,"{""b"":""XZ"",""c"":""fractal_bacon_shor"",""d"":7,""g"":""all"",""noise"":""uniform"",""p"":0.001,""prob"":0.9,""q"":49,""r"":28,""scheme"":""R""}",
    353667,      1971,         0,    8.37,pymatching,83f5da32aa03806331a2cf21b600afc0fac3d19ab4e22c374de26abd5cbf562b*407aeee83e062c62cbf0f8f0ea0d188d29eaa7592c145820f17406c7a9086ba9,"{""b"":""XZ"",""c"":""fractal_bacon_shor"",""d"":8,""g"":""all"",""noise"":""uniform"",""p"":0.001,""prob"":0.85,""q"":64,""r"":32,""scheme"":""R""}",
    344082,      1976,         0,    8.20,pymatching,031ff806f3e3f0717d6cbb861ba8d3a2723a561dec24392b0e1c85cf4c14d840*bab1d814b14a19e5a5750c40f09560e17d7c38d75240ffe07669c3956e5677e4,"{""b"":""XZ"",""c"":""fractal_bacon_shor"",""d"":8,""g"":""all"",""noise"":""uniform"",""p"":0.001,""prob"":0.8,""q"":64,""r"":32,""scheme"":""R""}",
    393388,      1889,         0,    9.91,pymatching,e82bba0d11f886774cb99ee3653bee76b15d8613722b7b7946fcf0cc7b445e9f*6142dbb3ffaa0968f78b67c53c567c2d8676991e0586583a4cbe6adcb8bf7239,"{""b"":""XZ"",""c"":""fractal_bacon_shor"",""d"":8,""g"":""all"",""noise"":""uniform"",""p"":0.001,""prob"":0.95,""q"":64,""r"":32,""scheme"":""R""}",
    419297,      1991,         0,    8.52,pymatching,1b4d5bfaa066860877782276a3e5528863497e8e074a1746c4a08db1def2e9d5*614e6db7827fb3941a54b3135668d9071f500ba8fcb809df37cbcb5bbfacf3cc,"{""b"":""XZ"",""c"":""fractal_bacon_shor"",""d"":8,""g"":""all"",""noise"":""uniform"",""p"":0.001,""prob"":0.9,""q"":64,""r"":32,""scheme"":""R""}",
    677391,      2084,         0,    22.9,pymatching,8b0aac2fbbc5ee8a5148216ff7fd30f504411ad68d1aa51ddc11ed0eabaa96fb*9898fa78da2cdf87e28904e565885928a666488ff58d294bce43ea67020150bb,"{""b"":""XZ"",""c"":""fractal_bacon_shor"",""d"":9,""g"":""all"",""noise"":""uniform"",""p"":0.001,""prob"":0.85,""q"":81,""r"":36,""scheme"":""R""}",
    480473,      1937,         0,    17.6,pymatching,40de64516e12490f81bd8003b994779cd161641f7b75a605cebfb7fff35ef8cb*129b82e3cad8d8560ca3fef8d494a04a15ede81b1d1aad575bab182e0239ca89,"{""b"":""XZ"",""c"":""fractal_bacon_shor"",""d"":9,""g"":""all"",""noise"":""uniform"",""p"":0.001,""prob"":0.8,""q"":81,""r"":36,""scheme"":""R""}",
    675450,      1989,         0,    19.6,pymatching,9ea85d1d341b8649a284e1df70a0b189d41d8cf3ab9ec12f48419ae9d6a1cfec*ffae6a79af8ef7e4fed94d95eba35903e75a60954a4dbd52128701c699e5bb5e,"{""b"":""XZ"",""c"":""fractal_bacon_shor"",""d"":9,""g"":""all"",""noise"":""uniform"",""p"":0.001,""prob"":0.95,""q"":81,""r"":36,""scheme"":""R""}",
    584550,      1933,         0,    17.8,pymatching,249a2003c5ccf816c8253d355337f7e29a7d846a59e8fbbd1593686ec7f17d6d*207a1af390cd7f3ced1e5b8d67ca00e1c5d087b07262bff3f17da25b27589250,"{""b"":""XZ"",""c"":""fractal_bacon_shor"",""d"":9,""g"":""all"",""noise"":""uniform"",""p"":0.001,""prob"":0.9,""q"":81,""r"":36,""scheme"":""R""}",
    808391,      1896,         0,    38.1,pymatching,632ff7392f7c1bdda67b6cd79d25d364fcfbcb5c5bf665e9dd2328c68b9f7856*7e68bb3473b60a4b9007fcd650830616314fb9bd5db26b7f778530f83ec3fb37,"{""b"":""XZ"",""c"":""fractal_bacon_shor"",""d"":10,""g"":""all"",""noise"":""uniform"",""p"":0.001,""prob"":0.85,""q"":100,""r"":40,""scheme"":""R""}",
    639757,      1906,         0,    27.3,pymatching,973434d28846fa92cd29e0eb5a9e5cac07a074e97e4aafe53405c6d08decfaf9*f90c11fbf4ce65d21b676b407f9f5391b1caf223d25bc29232214071684db76c,"{""b"":""XZ"",""c"":""fractal_bacon_shor"",""d"":10,""g"":""all"",""noise"":""uniform"",""p"":0.001,""prob"":0.8,""q"":100,""r"":40,""scheme"":""R""}",
    853584,      2034,         0,    31.9,pymatching,f8f0f7178bb8e962c528b877666b46b8460b605c1f8123eceab451ed7f447011*bd5a6395f9c46334eefff51364cd4a8d40b014e76cd6a2afb9e6c9b3af7901c6,"{""b"":""XZ"",""c"":""fractal_bacon_shor"",""d"":10,""g"":""all"",""noise"":""uniform"",""p"":0.001,""prob"":0.95,""q"":100,""r"":40,""scheme"":""R""}",
    733441,      1721,         0,    37.7,pymatching,6e3ee258301945955b5ff5fb9e9008bbe889e79940ca7f879aa7de6db0b17bff*e3df83c0c496d12237efbb1b007d95f0cda785c46dab1477b22c62c74248057c,"{""b"":""XZ"",""c"":""fractal_bacon_shor"",""d"":10,""g"":""all"",""noise"":""uniform"",""p"":0.001,""prob"":0.9,""q"":100,""r"":40,""scheme"":""R""}",
   1179337,      2109,         0,    66.1,pymatching,945644fb7fa5ef292124af8051feb972ed12e8fb34cfc07eb1af40169fde8308*b053c1778c8e8f40360232eee56f4cc7eceba9527e3a6d94f2dac71c8b31e847,"{""b"":""XZ"",""c"":""fractal_bacon_shor"",""d"":11,""g"":""all"",""noise"":""uniform"",""p"":0.001,""prob"":0.85,""q"":121,""r"":44,""scheme"":""R""}",
    786521,      1820,         0,    49.8,pymatching,2469a9a0ddeef0630f973b16bad0668f7bafff03eb5ef3ce958e67703db4802a*433a8d7b88b63caa679cf78f21788f28ca3742e020f3c121a3f25e39f18092ab,"{""b"":""XZ"",""c"":""fractal_bacon_shor"",""d"":11,""g"":""all"",""noise"":""uniform"",""p"":0.001,""prob"":0.8,""q"":121,""r"":44,""scheme"":""R""}",
   1382498,      1965,         0,    69.7,pymatching,005dbca92b0b9b868c5537c1bf374cc25125c7422a5137f64048bb6d54ef19ef*2f2ecad0cd6274e3f1f41c11ac5cac6cd90e003b148e4d6055b7d5ea882b7a3f,"{""b"":""XZ"",""c"":""fractal_bacon_shor"",""d"":11,""g"":""all"",""noise"":""uniform"",""p"":0.001,""prob"":0.95,""q"":121,""r"":44,""scheme"":""R""}",
   1155435,      1734,         0,    75.5,pymatching,7059fa6750a8cff510529a4d31061f3af31a77ae55e672175a763a37d7e37287*22d8cf1fd65745102133572739c2775ad1139a0ef549aecaab6a492a92558e13,"{""b"":""XZ"",""c"":""fractal_bacon_shor"",""d"":11,""g"":""all"",""noise"":""uniform"",""p"":0.001,""prob"":0.9,""q"":121,""r"":44,""scheme"":""R""}",
   1380982,      1981,         0,   103.5,pymatching,5e62e422d670913a2612ab7bc704d221414da9636b0217b3573eaf61897f709e*413a42bd329eb0af27d321ace71c84ab6bf0a6437baabb478f5cb689566b5a93,"{""b"":""XZ"",""c"":""fractal_bacon_shor"",""d"":12,""g"":""all"",""noise"":""uniform"",""p"":0.001,""prob"":0.85,""q"":144,""r"":48,""scheme"":""R""}",
   1102916,      1934,         0,    93.6,pymatching,6860161ce8994493938609f8325ef97df9d707a93e131bd1eef7ca61c3065381*a18661a3e45960245e2f61dbcc7cab314e39218b4e017ac2d25905cf281b575a,"{""b"":""XZ"",""c"":""fractal_bacon_shor"",""d"":12,""g"":""all"",""noise"":""uniform"",""p"":0.001,""prob"":0.8,""q"":144,""r"":48,""scheme"":""R""}",
   1516434,      1949,         0,   108.6,pymatching,40da520227c254fffb804100f0a29b7dc9f04756870970580c1d68e484c53694*fbf21d54b327e712d7f4c66729da11ab3cd8df159d181c5d55e5ce23025042d9,"{""b"":""XZ"",""c"":""fractal_bacon_shor"",""d"":12,""g"":""all"",""noise"":""uniform"",""p"":0.001,""prob"":0.95,""q"":144,""r"":48,""scheme"":""R""}",
   1739555,      2134,         0,   112.4,pymatching,0b920d245a13cc0f8ae0f118d0b303ceaa821aa6dc78a15dcca0188862588c3b*972b236e662a68edd80a0525384bb88fc1d93b0c2de8aba7c99f5866dd7f02c0,"{""b"":""XZ"",""c"":""fractal_bacon_shor"",""d"":12,""g"":""all"",""noise"":""uniform"",""p"":0.001,""prob"":0.9,""q"":144,""r"":48,""scheme"":""R""}",
   1814956,      1976,         0,   175.5,pymatching,e95d0c6f4c9477bfa339cb5a6380fb43c070d7e8f233159e3cd10fc20afaf3be*de8b9cc49833b5508275bc91f35922a57eb479dd0b584c82a51ffbfd26d389a4,"{""b"":""XZ"",""c"":""fractal_bacon_shor"",""d"":13,""g"":""all"",""noise"":""uniform"",""p"":0.001,""prob"":0.85,""q"":169,""r"":52,""scheme"":""R""}",
   1955581,      2116,         0,   190.5,pymatching,ad63ee242fa3b0f03b01684ec0743d50b1e53c961be29da0c0c38f1d0f1052b9*540d7bdaf6bdbe7310685be39d5e9153099c60a102b8d9325d2df930c0a3e0eb,"{""b"":""XZ"",""c"":""fractal_bacon_shor"",""d"":13,""g"":""all"",""noise"":""uniform"",""p"":0.001,""prob"":0.8,""q"":169,""r"":52,""scheme"":""R""}",
   2244213,      1918,         0,   183.7,pymatching,9a0a809f4f707ee7ccd2100812a9b3af32765cf07bb51a10067a7b65b3f9d0df*26e937cd9f50420e3ddce7dd486c94ffc0c152f964139515230e0d5e6b512710,"{""b"":""XZ"",""c"":""fractal_bacon_shor"",""d"":13,""g"":""all"",""noise"":""uniform"",""p"":0.001,""prob"":0.95,""q"":169,""r"":52,""scheme"":""R""}",
   2060389,      1921,         0,   185.4,pymatching,549514c9ddfc49ba764573f687dfd2ad7f880aa50e2a0d78e937ef21c9bf3c9e*62cf8887a962ac2e508c0f1ab7d46a03e303b7fe04206a53d0f62c5f0b8a48dd,"{""b"":""XZ"",""c"":""fractal_bacon_shor"",""d"":13,""g"":""all"",""noise"":""uniform"",""p"":0.001,""prob"":0.9,""q"":169,""r"":52,""scheme"":""R""}",
   2759856,      2051,         0,   312.9,pymatching,1ecfdedbe532438a087978989caa839cbdaabed48ebb7aaef4efa159203eb260*dbc2cd3c8adaa25e11938216ec3b0a5f47d70fcfa4acc4a54f78df2a44669871,"{""b"":""XZ"",""c"":""fractal_bacon_shor"",""d"":14,""g"":""all"",""noise"":""uniform"",""p"":0.001,""prob"":0.85,""q"":196,""r"":56,""scheme"":""R""}",
   1700882,      1856,         0,   232.2,pymatching,7945e3780217f7236199beade11fe44ec4365758e6519e289bb878756aaffc12*ff997435381b19ac04ba9eb068495321e33c4f32aff012a02a0a8ccd0b15a0c8,"{""b"":""XZ"",""c"":""fractal_bacon_shor"",""d"":14,""g"":""all"",""noise"":""uniform"",""p"":0.001,""prob"":0.8,""q"":196,""r"":56,""scheme"":""R""}",
   2472502,      2006,         0,   243.8,pymatching,8641a726c7468c5577b57ee86cc8b200e688cad07a93f367e2142a34f905b469*b964c75d5d153695fe964dd115d8aea46e0dc5d981ef17caf9c89525db7a30ab,"{""b"":""XZ"",""c"":""fractal_bacon_shor"",""d"":14,""g"":""all"",""noise"":""uniform"",""p"":0.001,""prob"":0.95,""q"":196,""r"":56,""scheme"":""R""}",
   2538685,      2020,         0,   272.3,pymatching,0a2f57af6278af52ac0d1dc6a1802b92bf7eed2498456a93a2fa734058d7d116*ccca87a06f92f0fbf081da4866207b60affaf2f52f27ec3213f3e613d803c2a0,"{""b"":""XZ"",""c"":""fractal_bacon_shor"",""d"":14,""g"":""all"",""noise"":""uniform"",""p"":0.001,""prob"":0.9,""q"":196,""r"":56,""scheme"":""R""}",
   3295358,      2142,         0,   460.6,pymatching,bda8faee2cedba83d781240692c6750c3ce6beb673eef67b88c92307f0346978*ab9b2ec0008cf1719f2321e01da82a71455e39e6bbc79473b56cd343913da53d,"{""b"":""XZ"",""c"":""fractal_bacon_shor"",""d"":15,""g"":""all"",""noise"":""uniform"",""p"":0.001,""prob"":0.85,""q"":225,""r"":60,""scheme"":""R""}",
   2780514,      2111,         0,   403.5,pymatching,f105e4e814bb304b20f57080ba6e6e2613101e427c6da3a7fbb8637f534d73a5*931c0b97c6c7f749e444cbef896d64002d355ea725a9437116e4d4767567502e,"{""b"":""XZ"",""c"":""fractal_bacon_shor"",""d"":15,""g"":""all"",""noise"":""uniform"",""p"":0.001,""prob"":0.8,""q"":225,""r"":60,""scheme"":""R""}",
   3788616,      1936,         0,   478.5,pymatching,71803d9e86996a6e596a4c0f5c3ea04f44862f693366c13bb491c81b0c3bf29a*f72e771592ca40739a2385bb81c650ab97de909a0859310acdd12edc21a87d8f,"{""b"":""XZ"",""c"":""fractal_bacon_shor"",""d"":15,""g"":""all"",""noise"":""uniform"",""p"":0.001,""prob"":0.95,""q"":225,""r"":60,""scheme"":""R""}",
   3249825,      1835,         0,   468.1,pymatching,44952a9981f352f1048ea4d5bda9bac764dfc78f7e8b6ed73eaf9ce2e15fd028*df491337743c26ecdbed728aa9b228f142ea136aef88fbb011edd4fc3dbd99c6,"{""b"":""XZ"",""c"":""fractal_bacon_shor"",""d"":15,""g"":""all"",""noise"":""uniform"",""p"":0.001,""prob"":0.9,""q"":225,""r"":60,""scheme"":""R""}",
   2658020,      1910,         0,   502.1,pymatching,8783a8906b47a3b2912031e94eceac85a3daecb43405ebb7740101e1b4913cbc*133aa5856ca6d98c3d17458d9e3c947d3d3854d48a87174956cbc12e4d957c28,"{""b"":""XZ"",""c"":""fractal_bacon_shor"",""d"":16,""g"":""all"",""noise"":""uniform"",""p"":0.001,""prob"":0.85,""q"":256,""r"":64,""scheme"":""R""}",
   2693849,      1858,         0,   564.7,pymatching,8a8e2471529f2466f0aea5c69a457f1217e837f3de9f54e4d2e5a6025b94df3b*d7c66bddfe88c8cae3418441130ef58b1226b2b26a40188bbf3eae978c64bb30,"{""b"":""XZ"",""c"":""fractal_bacon_shor"",""d"":16,""g"":""all"",""noise"":""uniform"",""p"":0.001,""prob"":0.8,""q"":256,""r"":64,""scheme"":""R""}",
   3879230,      1846,         0,   638.3,pymatching,d73a70adeb73582f4983ff54ffcbb30e97f74194b2f6f12a6919a9cec17282d4*b305aef3997228985555e70ad2536ed992f24b9d6bc0a07a9bd4125983cf5f94,"{""b"":""XZ"",""c"":""fractal_bacon_shor"",""d"":16,""g"":""all"",""noise"":""uniform"",""p"":0.001,""prob"":0.95,""q"":256,""r"":64,""scheme"":""R""}",
   4512858,      1981,         0,   732.9,pymatching,135a39103ccd9e09c5f9c34129ef4b02ab84401e75a2088ba4d0ea8165d5fab4*21b34e9708f562136d4972136e201b283ee33e88172795aa3f29aad6f69d2ebd,"{""b"":""XZ"",""c"":""fractal_bacon_shor"",""d"":16,""g"":""all"",""noise"":""uniform"",""p"":0.001,""prob"":0.9,""q"":256,""r"":64,""scheme"":""R""}",
   3959687,      1867,         0,   927.4,pymatching,94ad1dfd14581852b28efdf58a6aa7dfce2796c193fa7e1f7acd05be82a2dcaa*e647df38cc440510bfe36ea9ef2d0fb64166d76781af79e660ddec36a28fd4cb,"{""b"":""XZ"",""c"":""fractal_bacon_shor"",""d"":17,""g"":""all"",""noise"":""uniform"",""p"":0.001,""prob"":0.85,""q"":289,""r"":68,""scheme"":""R""}",
   5256904,      2152,         0,  1203.9,pymatching,6f1d1ade94d6cdd3208cdd2cca3fd200bf53faea273cfcf13cd142e7abde8f3b*08638b91d0616e22eae0ab5f19768d849118a4d3d98c9badb5a9470b59bea1c7,"{""b"":""XZ"",""c"":""fractal_bacon_shor"",""d"":17,""g"":""all"",""noise"":""uniform"",""p"":0.001,""prob"":0.8,""q"":289,""r"":68,""scheme"":""R""}",
   4784670,      1930,         0,   895.8,pymatching,c3171a4f0749ae4a7202de6e53d6fe948e93cab0b90030f364c832ed8fad7212*f347a4fa615c822e32a3d51b55cebc7082a2a3fa44b3caac34141694d0e487d8,"{""b"":""XZ"",""c"":""fractal_bacon_shor"",""d"":17,""g"":""all"",""noise"":""uniform"",""p"":0.001,""prob"":0.95,""q"":289,""r"":68,""scheme"":""R""}",
   5364527,      1792,         0,  1214.5,pymatching,4663c43fbfe28ef6c67e383ffd6f8630405992f9286ebca24579af888297a3e7*477ca062e5896c7b399b0e68505fdf10f6ae48746f70ca00e7cac244bc22301f,"{""b"":""XZ"",""c"":""fractal_bacon_shor"",""d"":17,""g"":""all"",""noise"":""uniform"",""p"":0.001,""prob"":0.9,""q"":289,""r"":68,""scheme"":""R""}",
   5898055,      1944,         0,  1549.9,pymatching,d26e64dfd5102fe8cc72aef523a7ff804fb0fc7289c8cfd5ad55820cb495004b*d5a4bf8f5f18f9733fa15f27e4b34f1bc738ee0019fccf482423cf6daef1c7fa,"{""b"":""XZ"",""c"":""fractal_bacon_shor"",""d"":18,""g"":""all"",""noise"":""uniform"",""p"":0.001,""prob"":0.85,""q"":324,""r"":72,""scheme"":""R""}",
   3261372,      1874,         0,   972.5,pymatching,a945a608f17f9bceebb2f6884c4f8cbf1f12e5a24e2af3aac9c5aaa84109c749*888af7b5772aa790e392204138c4f1d8e2f4868ba596b1202e333a15119c0210,"{""b"":""XZ"",""c"":""fractal_bacon_shor"",""d"":18,""g"":""all"",""noise"":""uniform"",""p"":0.001,""prob"":0.8,""q"":324,""r"":72,""scheme"":""R""}",
   5347549,      1846,         0,  1320.0,pymatching,6f2692d821efd0a2875748b2db4f3cd612152ec5ea27075a1aeec51a7d7aae28*5336b5a824e596e443fa7c7009b40d51c562afcfa1981aae59e58e4263481755,"{""b"":""XZ"",""c"":""fractal_bacon_shor"",""d"":18,""g"":""all"",""noise"":""uniform"",""p"":0.001,""prob"":0.95,""q"":324,""r"":72,""scheme"":""R""}",
   5999488,      1794,         0,  1707.0,pymatching,3da35face242ea49be9fda95462902840c53abfce17fff453ba5c3e7d0ea11bf*5a458f88ffdc1729ce2af91a036214a7e342720b6b1ef1cd50dfe2c0e8d352f0,"{""b"":""XZ"",""c"":""fractal_bacon_shor"",""d"":18,""g"":""all"",""noise"":""uniform"",""p"":0.001,""prob"":0.9,""q"":324,""r"":72,""scheme"":""R""}",
   6973456,      1712,         0,  2617.3,pymatching,b0e673d4cbcc6280b985f82939d66483bf5b9db0e72c852c5103d867fc480b0e*52eead93c6c651699b848fa0db9c912ed28e308635f5a57f35350314a10fa21f,"{""b"":""XZ"",""c"":""fractal_bacon_shor"",""d"":19,""g"":""all"",""noise"":""uniform"",""p"":0.001,""prob"":0.85,""q"":361,""r"":76,""scheme"":""R""}",
   3647281,      1688,         0,  1491.9,pymatching,5ae304625f975df2c878dab2e388e747b09dddc0c990e44df9328225911c4922*ba016519b4a731b3c11b55bf93202c6fbc636b10814041c1ec7ed37f466c5a9a,"{""b"":""XZ"",""c"":""fractal_bacon_shor"",""d"":19,""g"":""all"",""noise"":""uniform"",""p"":0.001,""prob"":0.8,""q"":361,""r"":76,""scheme"":""R""}",
   7379563,      1859,         0,  2262.6,pymatching,d3c14cbc24766dbefeb8de3e81d287dbeee4de8bcbf9b348ca38936a516439bd*3d0b7592de201f4cce58f8e2d0369eefea1df821d7b4d375a2fd4ea44c17c31b,"{""b"":""XZ"",""c"":""fractal_bacon_shor"",""d"":19,""g"":""all"",""noise"":""uniform"",""p"":0.001,""prob"":0.95,""q"":361,""r"":76,""scheme"":""R""}",
   5400266,      1738,         0,  1920.0,pymatching,25c85e223a7d54e8fe2d88c64464a0e9808ea4e9109bb1906640f9fc7c3e9970*78e0cffa4933ce697790b85d7faf7c5b6cb2b4d5a6495d2698830736868e0d18,"{""b"":""XZ"",""c"":""fractal_bacon_shor"",""d"":19,""g"":""all"",""noise"":""uniform"",""p"":0.001,""prob"":0.9,""q"":361,""r"":76,""scheme"":""R""}",
   8454491,      1907,         0,  3360.6,pymatching,6dd72cab423f8dbc87344a9b9e927a2b9d7f8360794bb742d01a8619203bed69*fc960316b506bc33811e36eb61f99748c9e2efd68d5abd4af9c9949e6877b789,"{""b"":""XZ"",""c"":""fractal_bacon_shor"",""d"":20,""g"":""all"",""noise"":""uniform"",""p"":0.001,""prob"":0.85,""q"":400,""r"":80,""scheme"":""R""}",
   6618093,      2019,         0,  2682.1,pymatching,27f1d89b0c7fbc82de8b102574d9b97cba5fb87a9c591851e46f76dad2b854a8*d102643d8cdfe42b5db06fb5aa6144e50d213a5c1f78322a3dc9a9bf79ed5717,"{""b"":""XZ"",""c"":""fractal_bacon_shor"",""d"":20,""g"":""all"",""noise"":""uniform"",""p"":0.001,""prob"":0.8,""q"":400,""r"":80,""scheme"":""R""}",
   8597766,      2024,         0,  2614.4,pymatching,4b0f641fee6e8a2b0ed8991f5e18c6de024c8d15ec93b17553b5b21cc2f8360d*bdb8e063b8057bb9e492405227914e2bb7be56d9754efe5631046fd2b9e2dde5,"{""b"":""XZ"",""c"":""fractal_bacon_shor"",""d"":20,""g"":""all"",""noise"":""uniform"",""p"":0.001,""prob"":0.95,""q"":400,""r"":80,""scheme"":""R""}",
   7549859,      1716,         0,  3341.6,pymatching,060b6b9ebaa4106c88be5eeeda11b7e448730a1950da970642193ed54fb997e1*a8200d2b6e735feee6f277e7323b3377c57ac9aded25cb7e12044051c19e84f0,"{""b"":""XZ"",""c"":""fractal_bacon_shor"",""d"":20,""g"":""all"",""noise"":""uniform"",""p"":0.001,""prob"":0.9,""q"":400,""r"":80,""scheme"":""R""}",
   8327414,      1863,         0,  4080.9,pymatching,3f1caed85e3c734d0420ead34f6a02c3144182ee2ac33a10463b0c51c4d9cda1*8bcb996371953205de7371a388b3902acda1944ba3f22a91f72354434a6c2f5d,"{""b"":""XZ"",""c"":""fractal_bacon_shor"",""d"":21,""g"":""all"",""noise"":""uniform"",""p"":0.001,""prob"":0.85,""q"":441,""r"":84,""scheme"":""R""}",
   5256863,      1931,         0,  2690.1,pymatching,27dae1757959d0e1622ffb69773c4098eb68db44fc62c983fb424cc84f6a82ab*b45c6d1eaa5efd735799ea3785434a4c850c0124e238b7b84f155966323221f4,"{""b"":""XZ"",""c"":""fractal_bacon_shor"",""d"":21,""g"":""all"",""noise"":""uniform"",""p"":0.001,""prob"":0.8,""q"":441,""r"":84,""scheme"":""R""}",
  11137020,      2179,         0,  4010.8,pymatching,d0042dbe2dd445cdfa334febdcc35aaa2ea4fbe1d0981fbdba3514e4bb11c151*cd63ef544cf0c53c9937048e5baaa777196f05832d382b3351bbd0527447977c,"{""b"":""XZ"",""c"":""fractal_bacon_shor"",""d"":21,""g"":""all"",""noise"":""uniform"",""p"":0.001,""prob"":0.95,""q"":441,""r"":84,""scheme"":""R""}",
   8949248,      2018,         0,  3842.7,pymatching,4809c3de683c5b01f78e9a1b337a80bb01fd9a4be5d5e34404819499e12e9603*bac42d98b0f3e8c5c918449207b9e44eafc74ada4aeacf9dc760923eca3dee67,"{""b"":""XZ"",""c"":""fractal_bacon_shor"",""d"":21,""g"":""all"",""noise"":""uniform"",""p"":0.001,""prob"":0.9,""q"":441,""r"":84,""scheme"":""R""}",
   8291322,      1760,         0,  5618.5,pymatching,fe10aa465534ed5ac9eb2045716bfb41450855b860484fd5b429691e2a042101*9538d2a49ee9cf91850eda5a37cfed6bc33824352c8e8ccc241ae70928d3af33,"{""b"":""XZ"",""c"":""fractal_bacon_shor"",""d"":22,""g"":""all"",""noise"":""uniform"",""p"":0.001,""prob"":0.85,""q"":484,""r"":88,""scheme"":""R""}",
   9721272,      2078,         0,  5698.6,pymatching,3df7974a0d1786e5b5ea03c57ea46756c2d0a40142e820098624f42b69b80f62*a1d277ea0cc415689d66fc919cb98b27962e29eadd897cb13bf61b1e3b01e009,"{""b"":""XZ"",""c"":""fractal_bacon_shor"",""d"":22,""g"":""all"",""noise"":""uniform"",""p"":0.001,""prob"":0.8,""q"":484,""r"":88,""scheme"":""R""}",
  10585811,      2130,         0,  4538.5,pymatching,68d3b0680794a3ceb07bf3c682b63053a0180fdb82428297f6db14416e705d43*30933c926dfad877aed5b6373f1979dfc7c2cecea3f55d20b99104e0b65366eb,"{""b"":""XZ"",""c"":""fractal_bacon_shor"",""d"":22,""g"":""all"",""noise"":""uniform"",""p"":0.001,""prob"":0.95,""q"":484,""r"":88,""scheme"":""R""}",
   9045363,      2002,         0,  4462.6,pymatching,d76a756c8486fd4e684cccbadd1bd5d1dce38f5b262b5d7a3d9f7488a7e85020*c04f443611527454ea994395eb321a7226e31a17baf510041fedc6ede0781104,"{""b"":""XZ"",""c"":""fractal_bacon_shor"",""d"":22,""g"":""all"",""noise"":""uniform"",""p"":0.001,""prob"":0.9,""q"":484,""r"":88,""scheme"":""R""}",
     27448,      1932,         0,   0.013,pymatching,39cbbc190ab63e48b70ef57aff931c5121d41ef578f7ae0868a84ea22f4bd209*19925a812470a211cdd47865a73fdea92a884eec4496c2c3c3c29dec7de8d386,"{""b"":""XZ"",""c"":""fractal_bacon_shor"",""d"":2,""g"":""all"",""noise"":""uniform"",""p"":0.001,""prob"":0.85,""q"":4,""r"":8,""scheme"":""R""}",
     26609,      1923,         0,   0.012,pymatching,1d1d0ba0dde6291a90b726c366d9967f7c2c6e0f0bd7576bafa972efd3e8f1cc*e7efd2fffceaf15b8dd7e998f1f8997b41412977ca1d65d1f7927894048f584f,"{""b"":""XZ"",""c"":""fractal_bacon_shor"",""d"":2,""g"":""all"",""noise"":""uniform"",""p"":0.001,""prob"":0.8,""q"":4,""r"":8,""scheme"":""R""}",
     25957,      1978,         0,   0.012,pymatching,9f4a515e85f5014d85a87b65d7ca79e7823d246787ac94c761ebb8e3e63f77d2*c4e2ad4c1c776de5671e4029ef0a94b8032c0e9ee02422f24a35564a092a37a2,"{""b"":""XZ"",""c"":""fractal_bacon_shor"",""d"":2,""g"":""all"",""noise"":""uniform"",""p"":0.001,""prob"":0.95,""q"":4,""r"":8,""scheme"":""R""}",
     26580,      1923,         0,   0.012,pymatching,6710cad231dca099ac9ad11718f7910617940e4eba3cc61245cd20dcd8c7bfd9*962751ca69290c8529a8bd77d41c725c00f562e11a7e291efbb7b4f6fc9836c7,"{""b"":""XZ"",""c"":""fractal_bacon_shor"",""d"":2,""g"":""all"",""noise"":""uniform"",""p"":0.001,""prob"":0.9,""q"":4,""r"":8,""scheme"":""R""}",
  11131985,      2024,         0,  7150.1,pymatching,30492e7292b80edbd81cb28da9eba13b2ef356023c3ddc6bbb5a1e282617a8dc*9f3c7d238d2656e589bbfa62161cfb5ad15a49b962e82a715f0570774a3dbe74,"{""b"":""XZ"",""c"":""fractal_bacon_shor"",""d"":23,""g"":""all"",""noise"":""uniform"",""p"":0.001,""prob"":0.85,""q"":529,""r"":92,""scheme"":""R""}",
   5482708,      1905,         0,  4132.2,pymatching,13d213ead6f03fe845185bb177edd594e6829ec79cd743d14a73f6546e4bbdc4*86196ec7ba9092cb63373f7d08688a06c65a19ea5d965524e489c5505d7b5b7c,"{""b"":""XZ"",""c"":""fractal_bacon_shor"",""d"":23,""g"":""all"",""noise"":""uniform"",""p"":0.001,""prob"":0.8,""q"":529,""r"":92,""scheme"":""R""}",
  10081659,      1733,         0,  5984.5,pymatching,20199a81f743d44db804bfa97832507fea71f03960e5da16c0bcad81ec465a8c*5f372a5e4be8e79b3d4da19cabcf3d06bb5f560a4fea99a6c64700e4237c8a38,"{""b"":""XZ"",""c"":""fractal_bacon_shor"",""d"":23,""g"":""all"",""noise"":""uniform"",""p"":0.001,""prob"":0.95,""q"":529,""r"":92,""scheme"":""R""}",
  14034628,      1842,         0,  8777.8,pymatching,3089a53d3d34c2a3806724a8907a7f9dd36df0f235784ec11c24d3e241a202cf*d194030d8b383edafd05ec56acd4e2a276835dd69a8ff2b6bb2fe6df3e5ad886,"{""b"":""XZ"",""c"":""fractal_bacon_shor"",""d"":23,""g"":""all"",""noise"":""uniform"",""p"":0.001,""prob"":0.9,""q"":529,""r"":92,""scheme"":""R""}",
   6542881,      1455,         0,  8639.5,pymatching,d752835877efa86f54217464fc91d4ee66606a3fc2596da632993e955dde215c*c97a53791ef91372f84eea9ead20f286d06e640d4e6c8b975c5cfc30c2f15fee,"{""b"":""XZ"",""c"":""fractal_bacon_shor"",""d"":24,""g"":""all"",""noise"":""uniform"",""p"":0.001,""prob"":0.85,""q"":576,""r"":96,""scheme"":""R""}",
   8470514,      1765,         0,  8343.3,pymatching,943f25bb89e2316c2175e97319e14ecfe94025677524418170ff94fd5195ee2b*87131fe25fcaca08bbc0988c3dcedf73fa43e894157d97a4641ebaf413dc6218,"{""b"":""XZ"",""c"":""fractal_bacon_shor"",""d"":24,""g"":""all"",""noise"":""uniform"",""p"":0.001,""prob"":0.8,""q"":576,""r"":96,""scheme"":""R""}",
  10949443,      1844,         0,  7045.4,pymatching,9762ad5f2ad6d5d41c5b949a8ea03a463f51f028e3f0d8d90662f28f648d1945*64df61d7db48761171897155785e95dcb222a45e0f676fe54b766439402b91a4,"{""b"":""XZ"",""c"":""fractal_bacon_shor"",""d"":24,""g"":""all"",""noise"":""uniform"",""p"":0.001,""prob"":0.95,""q"":576,""r"":96,""scheme"":""R""}",
  18170172,      1998,         0, 12761.6,pymatching,88b0a102a892d5adc24b7fdf01c50481c809e1f45fcb1ebc560dc8720e49a86e*57ae58f844e5196741398f16278a9620cc304458a9af329cf5a8490d9da7d34f,"{""b"":""XZ"",""c"":""fractal_bacon_shor"",""d"":24,""g"":""all"",""noise"":""uniform"",""p"":0.001,""prob"":0.9,""q"":576,""r"":96,""scheme"":""R""}",
